step,eval_loss,learning_rate
0,1.5473661422729492,0
50,1.2589462995529175,0
100,0.975091814994812,0
150,0.8611072301864624,0
200,0.8122971653938293,0
250,0.7847758531570435,0
300,0.7578011751174927,0
350,0.745901346206665,0
400,0.7361098527908325,0
450,0.7286149859428406,0
500,0.7189242839813232,0
550,0.7073200941085815,0
600,0.7010083794593811,0
650,0.696692168712616,0
